Date,Mkt-RF,SMB,HML,RF,UMD,STREV,LTREV
192607,2.96,-2.3,-2.87,0.22,-999,-1.84,-999
192608,2.64,-1.4,4.19,0.25,-999,1.41,-999
192609,0.36,-1.32,0.01,0.23,-999,-0.18,-999
192610,-3.24,0.04,0.51,0.32,-999,-2.03,-999
192611,2.53,-0.2,-0.35,0.31,-999,0.97,-999
192612,2.62,-0.04,-0.02,0.28,-999,1.95,-999
192701,-0.06,-0.56,4.83,0.25,0.44,-1.96,-999
192702,4.18,-0.1,3.17,0.26,-2.01,-1.35,-999
192703,0.13,-1.6,-2.67,0.3,3.59,-3.3,-999
192704,0.46,0.43,0.6,0.25,4.19,-3.54,-999
192705,5.44,1.41,4.93,0.3,3.01,-0.67,-999
192706,-2.34,0.47,-1.53,0.26,0.51,-0.68,-999
192707,7.26,-3.23,-1.16,0.3,4.32,-0.76,-999
192708,1.97,-0.72,-3.69,0.28,1.12,-1.21,-999
192709,4.76,-3.57,-0.71,0.21,1.93,-1.11,-999
192710,-4.31,2.13,-4.33,0.25,-1.11,-2.79,-999
192711,6.58,2.76,-0.31,0.21,-0.68,4.47,-999
192712,2.09,0.93,-1.06,0.22,3.19,-0.28,-999
192801,-0.68,4.25,-0.72,0.25,-0.6,0.74,-999
192802,-1.7,-2.03,-0.69,0.33,-1.02,0.18,-999
192803,8.81,-0.26,-1.2,0.29,4.87,-5.71,-999
192804,4.23,3.82,3.67,0.22,-5.65,-0.67,-999
192805,1.52,2.98,-3.46,0.32,2.85,3.12,-999
192806,-4.85,-3.5,-0.06,0.31,2.05,0.97,-999
192807,0.62,-1.35,-0.47,0.32,2.75,-1.7,-999
192808,6.68,-2.07,-2.11,0.32,3.62,0.08,-999
192809,2.88,2.18,0.76,0.27,3.62,-0.48,-999
192810,1.33,2.27,-2.26,0.41,5.05,-2.23,-999
192811,11.81,-1.81,2.8,0.38,1.93,-1.69,-999
192812,0.36,-0.85,-0.6,0.06,1.71,-1.34,-999
192901,4.66,-3.55,-1.21,0.34,2.43,-6.96,-999
192902,-0.34,-0.39,1.68,0.36,3.05,-0.05,-999
192903,-0.89,-4.78,1.56,0.34,-1.05,-2.77,-999
192904,1.43,-0.99,0.61,0.36,1.9,1.02,-999
192905,-6.39,-5.46,-1.57,0.44,-2.04,-2.2,-999
192906,9.7,-2.17,-2.76,0.52,8.72,1.26,-999
192907,4.46,-3.87,2.67,0.33,2.83,-1.25,-999
192908,8.18,-9.51,0.07,0.4,4.59,-1.74,-999
192909,-5.47,1.17,-0.63,0.35,3.04,1.98,-999
192910,-20.12,-4.08,7.85,0.46,4.09,-2.48,-999
192911,-12.74,-1.91,5.33,0.37,-2.39,-8.04,-999
192912,1.33,-4.2,-0.59,0.37,5.13,1.48,-999
193001,5.61,3.58,-1.01,0.14,-5.24,5.43,-999
193002,2.5,0.12,0.39,0.3,0.45,0.11,-999
193003,7.1,3.44,0.15,0.35,-4.18,1.51,-999
193004,-2.06,-0.17,-0.84,0.21,3.91,-0.11,-999
193005,-1.66,-2.04,-0.63,0.26,-0.02,3.45,-999
193006,-16.27,-3.22,2,0.27,6.61,-6.25,-999
193007,4.12,-0.37,-1.56,0.2,-2.16,6.1,-999
193008,0.3,-2.22,-0.78,0.09,3.95,1.91,-999
193009,-12.75,-2.22,-5.27,0.22,11.44,-3.71,-999
193010,-8.78,-0.1,-1.35,0.09,7.01,-3.69,-999
193011,-3.04,2.21,-3.53,0.13,-1.17,1.48,-999
193012,-7.83,-4.68,-5.39,0.14,13.29,-2.82,-999
193101,6.24,3.81,7.21,0.15,-10.94,16.49,1.27
193102,10.88,3.39,1.6,0.04,-14.37,-2.77,2.04
193103,-6.43,3.07,-3.65,0.13,9.55,5.25,4.73
193104,-9.98,-4.61,-3.92,0.08,11.42,-5.49,-1.64
193105,-13.24,5.16,-6.57,0.09,9.03,-3.47,-2.78
193106,13.9,-5.38,11.3,0.08,-17.85,17.73,3.46
193107,-6.62,1.43,-2.1,0.06,8.05,7.57,4.2
193108,0.41,-1.97,-1.49,0.03,-3.52,1.79,-3.45
193109,-29.13,0.56,-6.75,0.03,10.18,2.61,-7.13
193110,8.04,-1.87,1.7,0.1,3.28,18.23,8.46
193111,-9.08,4.3,-5.05,0.17,7.61,1.25,0.98
193112,-13.53,-0.56,-8.86,0.12,14.17,-5.87,-6.14
193201,-1.58,3.94,9.04,0.23,-10.32,15.78,6.59
193202,5.46,-2.77,-1.45,0.23,1.62,9.55,-0.35
193203,-11.21,2.27,-2.32,0.16,10.33,-0.62,1.14
193204,-17.96,1.44,1.42,0.11,6.78,-1.88,0.94
193205,-20.51,3.72,-3.28,0.06,12.2,-0.27,9.35
193206,-0.7,0.35,5.32,0.02,2.1,15.86,-1.44
193207,33.84,-4.44,35.46,0.03,-43.94,-1.58,19.88
193208,37.06,14.29,33.03,0.03,-52.26,-19.91,21.67
193209,-2.94,-2.43,-6.82,0.03,2.44,9.61,-8.47
193210,-13.17,-2.76,-10.04,0.02,4.29,-1.53,-8.25
193211,-5.88,2.08,-13.28,0.02,-2.09,-0.06,-6.58
193212,4.4,-8.27,-8.16,0.01,5.26,-0.56,-8.82
193301,1.25,0.63,6.14,0.01,-1.53,7.72,2.47
193302,-15.24,-2.75,-2.73,-0.03,4.19,3.13,-3.62
193303,3.29,3.9,7.38,0.04,2.35,10.16,6.24
193304,38.85,4.56,17.43,0.1,-15.95,-12.28,36.36
193305,21.43,36.7,19.03,0.04,-3.92,2.49,33.13
193306,13.11,8.67,-1.88,0.02,3.54,0,10.9
193307,-9.63,-1.01,3.27,0.02,0.41,7.96,0.99
193308,12.05,-5.45,2.96,0.03,7.51,8.37,2.46
193309,-10.65,-0.32,-11.77,0.02,1.65,-0.45,-13.95
193310,-8.36,-0.08,-8.46,0.01,-2.28,-1.18,-6.02
193311,9.97,-6.48,2.33,0.02,6.35,5.97,2.21
193312,1.83,0.66,-1.53,0.02,3.96,-0.69,-0.44
193401,12.6,12.53,15.54,0.05,-3.1,9.78,27.06
193402,-2.5,5.19,2.12,0.02,-0.25,2.18,1.62
193403,0.09,2.51,-2.73,0.02,-0.86,1.28,-1.57
193404,-1.79,2.8,-3.75,0.01,-5.12,0.08,-4.15
193405,-7.25,-0.26,-5.91,0.01,-2.83,-6.07,-7.61
193406,2.64,-2.14,-2.92,0.01,-0.96,-0.85,-4.39
193407,-10.96,-6.94,-10.66,0.01,8.73,-4.93,-13.26
193408,5.58,5.42,0.5,0.01,2.41,12.68,5.45
193409,-0.23,-1.52,-1.24,0.01,-0.1,1.8,0.04
193410,-1.66,1.24,-5.11,0.01,6.91,0.02,-3.63
193411,8.33,6.49,-2.24,0.01,4.22,2.09,2.85
193412,0.36,3.08,-3.17,0.01,4.63,-2.96,-2.36
193501,-3.45,1.07,-1.89,0.01,3.6,2.77,-2.31
193502,-1.94,0.42,-7.24,0.02,13.75,-2.95,-8.79
193503,-3.68,-3.54,-5.06,0.01,2.86,-2.04,-0.5
193504,9.06,-1.56,4.27,0.01,-4.72,3.09,5.47
193505,3.47,-3.28,2.52,0.01,-3.67,3.97,2.11
193506,5.93,-5.03,2.13,0.01,2.07,1.98,0.16
193507,7.51,1.47,6.86,0.01,-4.22,-1.23,9.81
193508,2.65,6.28,5.7,0.01,-7.69,-3.45,9.76
193509,2.63,1.57,-4.05,0.01,8.93,-0.59,0.28
193510,7.03,2.65,-2.33,0.01,2.09,1.69,5.42
193511,4.88,4.3,11.91,0.02,-5.91,5.81,7.68
193512,4.56,0.22,1.07,0.01,3.75,-3.37,1.31
193601,6.89,5.1,10.51,0.01,-3.36,-1.46,12.15
193602,2.49,1.14,5.04,0.01,2.57,1.94,1.89
193603,0.99,0.66,-1.66,0.02,1.73,1.79,-1.63
193604,-8.14,-6.03,-2.08,0.02,-7.83,-0.69,-6.86
193605,5.19,0.81,2.63,0.02,2.37,3.37,3.29
193606,2.4,-3.25,-1.2,0.03,0.45,1.19,-2.34
193607,6.67,1.14,2.56,0.01,2.9,2.6,4.79
193608,0.99,0.72,3.99,0.02,0.61,-0.59,2.38
193609,0.98,3.07,0.88,0.01,1.27,1.25,-0.83
193610,7.12,-2.39,2.52,0.02,0.99,0.28,1.66
193611,3.27,9.01,-0.92,0.01,2.11,-2.09,-1.97
193612,0.21,3.61,3.96,0,2.11,-3.16,3.44
193701,3.35,4.31,2.61,0.01,-1.85,-2.23,1.15
193702,1.09,1.23,5.05,0.02,2.98,2.38,-0.3
193703,-0.27,-1.78,6.39,0.01,2.81,-2.84,-2.07
193704,-7.36,-3.77,-3.61,0.03,-3.71,1.52,-0.08
193705,-0.83,-0.66,-3.49,0.06,0.51,0.09,-2.74
193706,-4.21,-3.65,-3.21,0.03,0.68,-2.1,0.79
193707,8.91,0.85,0.82,0.03,-0.4,6.62,-1.42
193708,-4.86,0.42,-2.25,0.02,-1.79,4.15,-2.09
193709,-13.61,-6.89,-4.57,0.04,-7.14,-5.9,-3.49
193710,-9.61,0.45,-1.62,0.02,-1.56,-3.58,2.39
193711,-8.31,-3.65,0.2,0.02,-0.97,-1.75,2.83
193712,-4.24,-7.76,-0.39,0,4.7,-3.3,0.94
193801,0.49,4.97,-1.6,0,-1.44,6.7,-0.2
193802,5.84,0.35,-2.02,0,-3.08,4.49,-3.66
193803,-23.82,-4.24,-3.52,-0.01,15.75,8.24,7.87
193804,14.51,6.37,0.18,0.01,-8.88,13.68,-3.25
193805,-3.83,-2.47,-0.28,0,7.13,7.14,3.86
193806,23.87,4.05,0.3,0,-24.86,23.95,-12.44
193807,7.34,6.66,2.18,-0.01,-6.44,-3.94,-2.9
193808,-2.67,-2.44,-4.72,0,3.95,-1.08,-3.12
193809,0.81,-2.72,-1.62,0.02,2.53,1.02,-0.5
193810,7.8,5.83,5.01,0.01,-7.7,3.6,5.41
193811,-1.72,-2.56,-1.23,-0.06,3.13,1.42,-2.95
193812,4.19,-1.8,0.5,0,2.05,2.44,-0.97
193901,-5.96,-1.56,-3.92,-0.01,-3.05,4.5,-1.04
193902,3.51,0.63,2.95,0.01,3.25,3.92,2.35
193903,-11.99,-4.76,-8.29,-0.01,-1.48,4.93,-7.29
193904,-0.18,1.66,-0.3,0,2.7,3.4,1.13
193905,6.8,2.81,0.47,0.01,3.56,3.44,-0.12
193906,-5.31,-1.02,-5.41,0.01,1.96,3.57,-5.18
193907,10.24,4.32,-0.03,0,-0.57,14.1,1.47
193908,-6.68,-4.61,-2.42,-0.01,5.9,7.13,-0.27
193909,16.88,20.23,22.22,0.01,-30.35,19.82,13.75
193910,-0.53,-0.01,-4.89,0,6.48,12.75,-3.86
193911,-3.62,-5.07,-6.46,0,-0.22,-9.06,-3.86
193912,3.03,0.79,-4.06,0,5.4,-0.88,-1.6
194001,-2.41,0.24,-0.77,0,1.74,3.13,3.5
194002,1.44,2.51,-0.32,0,1.81,2.74,-1.09
194003,2.05,1.25,-1.27,0,-0.36,2.01,-1.22
194004,0.22,3.92,-0.13,0,3.33,1.98,1.1
194005,-21.95,-6.66,-3.69,-0.02,2.86,-0.69,-3.32
194006,6.67,-2.13,4.63,0,-2.14,5.48,1.72
194007,3.16,1.01,-0.74,0.01,0.85,2.5,-1.38
194008,2.19,-0.11,0.56,-0.01,-1.61,1.33,-1.88
194009,2.39,3.22,-1.13,0,-0.26,-0.49,-1.63
194010,3.02,0.28,4.64,0,-6.53,0.33,0.87
194011,-1.61,1.94,0.12,0,1.33,1.04,-5.09
194012,0.69,-2.15,-0.89,0,3.46,2.19,-2.86
194101,-4.17,1,3.83,-0.01,-4.72,3.96,2.83
194102,-1.43,-1.57,0.89,-0.01,0.91,0.47,-1.45
194103,0.84,0.1,3.04,0.01,2.43,1.83,0.59
194104,-5.46,-1.69,3.41,-0.01,3.03,-1.97,-0.76
194105,1.39,-0.66,0.6,0,2.46,1.03,-0.27
194106,5.83,1.32,0.59,0,-0.64,1.16,-1.05
194107,5.87,5.7,7.25,0.03,-1.75,1.46,8.62
194108,-0.17,-0.41,-1.1,0.01,0.17,0.72,-1.63
194109,-0.87,-0.99,-0.28,0.01,-1.57,-0.42,-3.68
194110,-5.25,-2.02,1.63,0,4.74,-2.09,-3.38
194111,-1.92,-1.21,-0.64,0,4.04,-1.89,-1.9
194112,-4.87,-2.98,-5.94,0.01,0.28,-1.86,-5.66
194201,0.79,7.52,10.1,0.02,-3.58,9.42,14.44
194202,-2.46,1.72,-1.13,0.01,-0.71,0.93,1.29
194203,-6.58,1.78,-0.62,0.01,-0.21,-1.97,-0.05
194204,-4.37,-0.6,2.09,0.01,-0.79,0.67,-0.08
194205,5.94,-3.05,-2.65,0.03,-4.71,-0.33,-3.58
194206,2.69,-1.22,0.54,0.02,-1.32,0.58,-0.21
194207,3.51,-0.16,2.4,0.03,0.77,2.26,3.33
194208,1.8,-0.09,1.33,0.03,-0.13,0.19,0.06
194209,2.61,0.66,2.39,0.03,-0.64,1.23,3.14
194210,6.82,1.82,6.47,0.03,-4.01,-1.41,8.84
194211,0.15,-1.54,-4.24,0.03,-0.97,6.47,-3.22
194212,5.12,-2.49,0.56,0.03,3.06,2,1.68
194301,7.13,8.78,8.23,0.03,-0.36,5.75,12.12
194302,6.15,4.84,6.51,0.03,-1.46,-5.52,9.59
194303,6.01,5.03,5.48,0.03,4.74,-2.06,4.9
194304,0.81,2.06,5.86,0.03,6.18,1.17,4.56
194305,5.74,4.41,3.28,0.03,5.61,-0.44,5.58
194306,1.82,-1.06,-0.74,0.03,-1.3,2.12,-1.2
194307,-4.77,-2.41,-2.27,0.03,-4.59,0.08,-2.21
194308,1.3,-0.62,-0.47,0.03,0.71,2.42,-0.7
194309,2.4,1.28,1.43,0.03,1.78,0.52,3.01
194310,-1.15,0.58,1.65,0.03,-0.53,3.12,-1.71
194311,-5.91,-1.64,-4.04,0.03,-4.72,-0.51,-4.23
194312,6.36,3.34,3.22,0.03,5.99,8.77,3.3
194401,1.74,2.56,2.17,0.03,0.97,1.1,2.46
194402,0.37,-0.1,0.83,0.03,0.34,0.27,-0.43
194403,2.46,1.71,3.43,0.02,2.61,-0.19,1.43
194404,-1.69,-1.35,-1.13,0.03,0.52,1.96,-0.55
194405,5.07,1.67,1.02,0.03,2.07,2.51,-0.26
194406,5.49,4.04,1.82,0.03,-5.22,-1.49,0.46
194407,-1.49,0.55,-0.43,0.03,0.19,3.18,1.35
194408,1.57,2.41,-1.63,0.03,4.68,2.29,0.67
194409,0.01,0.47,-1.21,0.02,-1.08,1.27,0.16
194410,0.16,-0.14,-0.34,0.03,-1.24,0.56,-0.75
194411,1.71,0.37,2.31,0.03,1.28,0.9,-2.42
194412,4.03,2.24,5.91,0.02,3.36,-1.67,-0.33
194501,2.01,2.44,0.71,0.03,0.04,3.38,0.47
194502,6.23,1.56,4.4,0.02,3.03,0.96,-0.35
194503,-3.89,-1.61,-1.78,0.02,-3.28,3.74,0.28
194504,7.8,0.32,3.21,0.03,4.79,4.14,-1.86
194505,1.73,1.51,0.35,0.03,0.11,2.12,-0.81
194506,0.39,3.1,4.32,0.02,4.11,0.05,0.99
194507,-2.17,-1.46,-2.71,0.03,-2.62,3.39,1.88
194508,6.2,1.61,-4.4,0.03,-1.4,1.96,-0.57
194509,4.77,1.71,0.48,0.03,1.4,0.19,-1.9
194510,3.89,2.46,2.25,0.03,0.25,-1.29,-3.73
194511,5.39,4.16,4.34,0.02,4.26,-1.75,-3.85
194512,1.2,2.12,-2.32,0.03,1.25,2.35,-1.61
194601,6.24,4.02,2.21,0.03,3.76,1.91,1.15
194602,-5.83,-0.73,-1.27,0.03,-1.45,2.9,2.08
194603,5.87,0.31,-0.36,0.03,2.69,-1.15,-2.88
194604,4.23,2.37,0.45,0.03,3.03,-4.49,-0.7
194605,3.93,1.46,1.09,0.03,-0.61,2.15,-2.12
194606,-3.89,-1.53,-0.59,0.03,-2.52,1.45,1.49
194607,-2.69,-2.06,0.04,0.03,-0.1,-0.64,1.84
194608,-6.44,-1.78,0.6,0.03,-0.03,-1.09,2.24
194609,-10.17,-4.41,-1.96,0.03,0.74,-2.95,5.77
194610,-1.44,0.09,3.44,0.03,0.97,1.14,1.34
194611,-0.01,-0.4,1.52,0.03,0.2,-0.08,3.45
194612,4.96,0.06,-1.38,0.03,-0.1,-0.07,0.24
194701,1.25,2.18,-0.73,0.03,-6.44,4.58,-0.28
194702,-1.08,0.68,0.14,0.03,-0.49,0.79,0.53
194703,-1.67,-1.61,0.61,0.03,4.06,0.34,3.01
194704,-4.8,-3.97,0.85,0.03,5.05,-2.79,5.18
194705,-0.97,-3.26,0.34,0.03,3.33,-2.09,3.17
194706,5.29,-0.31,-0.6,0.03,-1.85,0.35,-2.29
194707,4.14,1.43,2.82,0.03,-3.42,2.08,-3.75
194708,-1.74,0.3,0.16,0.03,3.38,1.55,2.38
194709,-0.54,1.64,1.36,0.06,-0.02,-0.65,-0.3
194710,2.47,0.51,0.08,0.06,1.34,2.24,-0.94
194711,-1.97,-1.74,1.06,0.06,4.23,-0.03,1.75
194712,3,-2.48,3.69,0.08,3.6,-0.54,-0.04
194801,-3.93,2.49,1.38,0.07,-4.29,4.01,1.19
194802,-4.38,-1.71,0.07,0.07,1.47,0.71,2.57
194803,8.07,0.13,4.49,0.09,-0.19,6.02,-1.53
194804,3.65,-1.66,4.1,0.08,4.06,-0.24,0.25
194805,7.3,0.93,-1.23,0.08,2.38,0.99,-0.62
194806,-0.1,-1.86,2.75,0.09,3.99,0.93,1.41
194807,-5.09,-0.32,0.07,0.08,-1.58,1.41,1.48
194808,0.25,-1.1,0.27,0.09,0.23,0.53,-1.05
194809,-2.97,-1.23,-1.79,0.04,-1.26,0.34,1.22
194810,5.96,-1.5,0.56,0.04,2.79,2.35,0.48
194811,-9.3,-0.62,-4.14,0.04,0.6,3.98,0.85
194812,3.26,-2.8,-1.94,0.04,4.66,0.11,0.72
194901,0.23,1.81,1.17,0.1,-2.92,4.39,0.82
194902,-2.93,-1.89,-0.91,0.09,-0.41,-1.1,1.06
194903,4.04,2.48,1.34,0.1,-0.87,2.73,-0.26
194904,-1.87,-0.89,-1.18,0.09,3.06,0.6,0.18
194905,-2.94,-0.77,-2.42,0.1,3.04,-1.74,1.25
194906,0.1,-0.88,-1.76,0.1,-1.28,-0.24,-0.77
194907,5.54,0.57,0.38,0.09,-1.54,2.62,-0.43
194908,2.6,0.13,-0.57,0.09,1.7,1.14,-1.52
194909,3.09,1.05,0.23,0.09,-1.42,0.44,-0.59
194910,3.14,1.03,-0.49,0.09,0,0.5,-0.19
194911,1.82,-0.93,-0.91,0.08,1.27,-0.19,-1.86
194912,5.13,2.07,1.75,0.09,-0.78,0.69,3.44
195001,1.7,3.36,0.14,0.09,-2.32,0.76,2.31
195002,1.48,0.04,-0.81,0.09,1.36,1.1,0.06
195003,1.26,-1.41,-2.77,0.1,1.54,0.96,-0.65
195004,3.94,1.99,1.34,0.09,0.33,2.08,2.88
195005,4.31,-2.12,0.46,0.1,0.38,-1,-2.9
195006,-5.94,-2.38,-0.78,0.1,-1.66,0.96,-3.12
195007,1.36,0.51,13.66,0.1,-0.47,0.75,7.5
195008,4.85,0.73,-1.41,0.1,3.21,5.36,-3.14
195009,4.81,0.57,-1.11,0.1,-0.13,0.31,0.36
195010,-0.18,-0.58,1.44,0.12,1.42,2.68,-0.64
195011,2.76,-0.84,3.17,0.11,3.59,1,0.79
195012,5.54,1.49,7.23,0.11,4.97,-5.7,7.4
195101,5.7,1.73,3.72,0.13,2,2.99,2.63
195102,1.41,0.09,-2.83,0.1,-1.58,2.53,-3.19
195103,-2.15,-0.64,-4.22,0.11,-2.95,-0.39,-2.87
195104,4.86,-1.49,3.28,0.13,6.02,1.74,-0.25
195105,-2.34,-0.01,-1.33,0.12,-0.93,1.87,-1.65
195106,-2.62,-1.95,-3.96,0.12,-2.39,-1.87,-4.56
195107,6.94,-1.92,1.91,0.13,7.24,4.08,1.09
195108,4.27,0.84,0.25,0.13,1,0.13,-0.59
195109,0.7,1.88,0.64,0.12,0.56,1.3,1.31
195110,-2.53,-0.28,0.24,0.16,-0.31,2.39,-0.57
195111,0.57,-0.44,0.26,0.11,0.63,1.08,-0.39
195112,3.33,-2.06,-1.93,0.12,1.7,1.42,-2.14
195201,1.45,-0.76,1.82,0.15,1.37,1.83,-0.99
195202,-2.62,0.67,-0.22,0.12,-0.75,1.1,0.93
195203,4.44,-3.02,2.21,0.11,1.65,0.6,-2.4
195204,-4.97,0.38,0.25,0.12,-2.04,0.4,1.78
195205,3.2,-1.06,0.2,0.13,0.49,1.55,-1.84
195206,3.83,-1.6,1.18,0.15,1.5,0.72,-1.66
195207,0.91,-0.35,-0.4,0.15,-0.52,1.09,-0.65
195208,-0.76,1.21,-0.12,0.15,0.31,0.36,0.4
195209,-2.03,1.19,-1.59,0.16,1.76,-1.18,0.92
195210,-0.66,-1.1,-0.46,0.14,2.75,0.75,0.46
195211,5.94,-0.69,0.88,0.1,0.44,1.81,-0.84
195212,2.93,-1.42,0,0.16,1.51,2.06,-0.7
195301,-0.34,3.54,1.28,0.16,0.72,2.16,1.46
195302,-0.27,2.16,-0.13,0.14,0.86,-0.58,0.94
195303,-1.43,-0.14,-1.03,0.18,0.08,0.71,0.98
195304,-2.83,0.27,1.45,0.16,1.85,0.69,1.91
195305,0.52,-0.03,0.13,0.17,0.94,0.32,-1.3
195306,-1.89,-1.85,-0.47,0.18,-0.01,-0.05,-0.9
195307,2.4,-1.01,-0.37,0.15,-0.31,0.86,-0.6
195308,-4.52,0.44,-3.62,0.17,2.21,0.33,0.86
195309,0.2,-0.81,-2.55,0.16,2.88,-0.73,-0.4
195310,4.6,-1.4,-0.03,0.13,0.27,0.24,-3.37
195311,2.83,-1.23,-0.4,0.08,1.95,-0.2,-0.84
195312,0.03,-0.72,-2.96,0.13,5.19,-1.24,-1.18
195401,5.13,0.42,3.53,0.11,-5.74,4.98,-0.42
195402,1.67,-0.21,-0.23,0.07,1.03,1.2,-0.96
195403,3.65,-0.51,-1.55,0.08,2.2,0.12,-2.26
195404,4.27,-3.46,-0.5,0.09,4.98,-1.44,-3.1
195405,3.09,0.36,2.53,0.05,-1.99,2.58,-1.13
195406,1.07,0.4,-0.05,0.06,3.52,1.95,-1.08
195407,4.99,1.05,4.13,0.05,0.44,1.23,0.66
195408,-2.34,2.68,-1.44,0.05,-0.64,2.09,0.05
195409,6.39,-2.56,0.68,0.09,1.54,-0.37,-3.32
195410,-1.67,0.57,0.71,0.07,0.96,0.37,-0.9
195411,9.38,-2.65,4.18,0.06,1.93,-0.68,-1.66
195412,5.48,2.15,5.74,0.08,-1.41,-0.1,-0.01
195501,0.6,0.24,2.22,0.08,1.36,1.77,-0.95
195502,3.02,1.54,0.61,0.09,1.09,1.71,-1.88
195503,-0.16,-0.69,2.01,0.1,1.03,1.25,0.08
195504,3.11,-1.78,0.74,0.1,0.09,1.3,-0.05
195505,0.93,-0.28,-0.87,0.14,0.56,0.07,-0.06
195506,6.55,-4.65,1.86,0.1,4.66,-0.87,-3.21
195507,1.9,-1.36,0.63,0.1,-1.23,-1.39,-0.35
195508,0.21,-0.38,0.59,0.16,1.79,2.54,0.08
195509,-0.36,0.3,-1.06,0.16,1.77,2.58,0.2
195510,-2.68,1.5,-0.03,0.18,-0.5,0,0.01
195511,7.03,-2.46,0.51,0.17,2.67,3.65,-3
195512,1.49,2.09,-2.26,0.18,-1.33,-0.14,-0.45
195601,-3.03,0.44,1.12,0.22,-1.48,0.98,1.3
195602,3.77,-1.03,-0.55,0.19,1.97,2.92,-1.73
195603,6.64,-2.41,-0.15,0.15,3.59,-2.42,-2.86
195604,0.28,0.06,-0.16,0.19,2.57,-1.49,-1.17
195605,-5.2,1.51,-1.34,0.23,-1.62,1.97,0.08
195606,3.48,-1.47,-1.3,0.2,2.71,0.8,-1.42
195607,4.84,-1.8,0.19,0.22,2.52,-1.14,-1.9
195608,-3.18,2.02,-0.86,0.17,-0.69,2.1,0.63
195609,-5.14,1.62,1.75,0.18,-0.76,-1.36,0.98
195610,0.52,-0.13,0.01,0.25,2.46,0.43,-0.45
195611,0.36,-0.28,1.99,0.2,3.41,-1.46,2.39
195612,3.16,-0.2,-1.87,0.24,3.81,0.1,-1.25
195701,-3.58,3.57,2.55,0.27,-3.05,3.64,4.96
195702,-2.06,-0.74,-0.7,0.24,0.31,-0.12,1.11
195703,2.13,0.27,-0.48,0.23,-0.18,1.08,-0.63
195704,4.26,-1.79,-1.25,0.25,0.96,-0.54,-1.9
195705,3.45,-1.09,-2.07,0.26,0.44,0.2,-2.06
195706,-0.74,0.58,-0.07,0.24,0.77,-0.83,-1.56
195707,0.66,-0.76,0.39,0.3,-0.07,0.59,-0.56
195708,-5.11,0.07,-0.45,0.25,0.49,0.38,2.1
195709,-5.98,0.07,0.88,0.26,0.62,-4.04,2.47
195710,-4.32,-2.52,-1.83,0.29,1.94,-3.54,-0.14
195711,2.3,0.41,-2.9,0.28,1.24,-0.16,-0.82
195712,-3.91,-0.92,-1.72,0.24,7.79,-1.2,1.66
195801,4.66,4.37,4.22,0.28,-7.63,5.46,2.5
195802,-1.52,0.7,0.28,0.12,3.75,1.79,0.82
195803,3.27,0.63,-0.92,0.09,-1.85,1.15,-0.69
195804,3.09,-0.59,1.47,0.08,1.85,-0.44,1.13
195805,2.31,2.23,-0.35,0.11,-1.82,1.19,0.29
195806,2.93,-0.24,0.51,0.03,-0.87,1.96,-0.68
195807,4.39,0.48,3.1,0.07,-3.62,2.7,-2.12
195808,1.91,1.17,0.31,0.04,0.28,1.71,0.65
195809,4.66,0.14,2.98,0.19,-1.13,2.55,-0.65
195810,2.53,1.13,-1.18,0.18,3.12,1.32,-0.99
195811,3.01,2.04,-1.28,0.11,1.57,0.72,-0.36
195812,5.15,-2.05,-0.08,0.22,-0.65,1.87,-0.33
195901,0.71,3,3.03,0.21,-0.24,1.12,1.98
195902,0.95,1.53,0.99,0.19,3.4,0.58,0.39
195903,0.28,1.49,-0.38,0.22,0.13,0.36,-0.46
195904,3.66,-0.54,-1.32,0.2,3.15,0.08,-0.46
195905,1.73,-2.11,1.78,0.22,1.5,-0.71,0.9
195906,-0.25,0.66,1.38,0.25,2.91,0.91,-0.03
195907,3.17,-0.33,0.28,0.25,-0.32,-0.09,-0.41
195908,-1.39,-0.78,0.4,0.19,-0.95,-0.51,-1.13
195909,-4.8,-0.08,0.5,0.31,0.85,-0.11,-0.12
195910,1.28,1.43,-2.04,0.3,3.48,1.18,-0.07
195911,1.6,1.29,-3.27,0.26,2.26,-1.62,-0.37
195912,2.45,-0.6,-0.08,0.34,0.99,1.45,-0.52
196001,-6.98,2.05,2.69,0.33,-3.49,3.37,0.9
196002,1.17,0.56,-2.03,0.29,3.86,-0.53,-0.77
196003,-1.63,-0.47,-2.84,0.35,1.43,-0.77,-1.41
196004,-1.71,0.39,-2.37,0.19,2.81,-2.28,-1.2
196005,3.12,1.27,-3.72,0.27,4.81,-3.55,-3.5
196006,2.08,-0.17,-0.26,0.24,0.86,1.15,-0.11
196007,-2.37,-0.57,2.12,0.13,-0.78,1.13,0.28
196008,3.01,0.88,-0.17,0.17,1.92,-1.24,1.03
196009,-5.99,-1.14,1.62,0.16,0.29,-0.05,1.29
196010,-0.71,-3.95,2.61,0.22,1.23,-2.14,1.27
196011,4.69,0.29,-2.4,0.13,3.69,0.96,-2.55
196012,4.71,-1.6,-0.71,0.16,1.36,0.77,-0.58
196101,6.2,0.68,3.67,0.19,-3.97,1.18,3.73
196102,3.57,3.94,-0.68,0.14,1.03,1.25,-2.73
196103,2.89,3.19,-0.68,0.2,4.18,1.55,-3.08
196104,0.29,0.12,2.04,0.17,3.52,1.92,0.85
196105,2.4,1.93,0.51,0.18,-1.5,3.52,0.78
196106,-3.08,-2.48,-0.19,0.2,0.26,1.21,-1.67
196107,2.83,-1.9,-0.13,0.18,0.27,1.33,-0.32
196108,2.57,-1.81,-0.19,0.14,1.61,1.08,-1.6
196109,-2.15,-1.12,-0.48,0.17,0.76,-1.56,-2.86
196110,2.57,-1.98,0.61,0.19,3.09,-1.4,-0.51
196111,4.45,1.05,-0.9,0.15,1.35,-0.42,-2.61
196112,-0.18,-1.12,2.21,0.19,-2.25,1.15,3.43
196201,-3.87,1.84,4.99,0.24,-2.01,0.82,6.62
196202,1.81,-1.19,0.89,0.2,-0.96,0.88,1.11
196203,-0.68,0.23,-1.01,0.2,1.82,0.66,-1.08
196204,-6.59,-0.98,0.48,0.22,2.89,-0.77,0.54
196205,-8.65,-3.01,2.31,0.24,0.34,-0.08,3.48
196206,-8.47,-0.77,2.8,0.2,6.42,-2.89,1.74
196207,6.28,1.6,-3.6,0.27,0.71,3.6,-2
196208,2.13,1.24,-1.24,0.23,-0.57,-0.09,-1.11
196209,-5.22,-2.48,1.32,0.21,3.97,2.43,1.79
196210,-0.05,-4.01,1.36,0.25,0.72,-2.1,0.85
196211,10.87,2.58,1.04,0.2,-7.15,5.22,0.73
196212,1.01,-3.79,0.33,0.23,5.8,5.03,-0.41
196301,4.93,3.1,2.19,0.25,-2.11,4.55,1.65
196302,-2.38,0.48,2.25,0.23,2.52,1.56,0.73
196303,3.08,-2.51,1.93,0.23,1.58,1.49,1.32
196304,4.51,-1.32,1.03,0.25,-0.08,-0.93,1.01
196305,1.76,1.07,2.56,0.24,0.37,0.16,2.45
196306,-2,-0.27,0.73,0.23,1.18,1.81,-0.27
196307,-0.39,-0.55,-0.82,0.27,0.99,-0.04,-1.19
196308,5.07,-0.97,1.63,0.25,1.08,1.36,1.62
196309,-1.57,-0.32,0.19,0.27,0.13,1.2,-0.04
196310,2.53,-0.54,-0.11,0.29,3.14,-0.66,-0.25
196311,-0.85,-1.1,1.66,0.27,-0.75,1.15,-0.08
196312,1.83,-1.96,-0.11,0.29,1.7,0.25,0.01
196401,2.24,-0.18,1.64,0.3,1.06,-0.38,0.03
196402,1.54,0.09,2.83,0.26,0.25,0.19,1.36
196403,1.41,0.99,3.36,0.31,0.71,0.34,3.9
196404,0.1,-1.41,-0.42,0.29,-0.59,3.36,-2.46
196405,1.42,-0.88,1.88,0.26,2.54,-1.31,-0.15
196406,1.27,-0.3,0.72,0.3,0.47,0.51,-0.49
196407,1.74,0.23,0.7,0.3,-0.32,1.81,0.04
196408,-1.44,0.09,0.12,0.28,-0.2,-1.08,-0.66
196409,2.69,-0.52,1.65,0.28,-0.38,1.23,3.7
196410,0.59,0.45,1.14,0.29,0.13,1.21,-0.74
196411,0,0.6,-1.96,0.29,1.1,-0.76,-1.42
196412,0.03,-0.24,-2.58,0.31,-0.71,0.78,-1.63
196501,3.54,2.67,0.2,0.28,-1.3,2.93,2.17
196502,0.44,3.48,0.19,0.3,0.28,-0.55,2.83
196503,-1.34,1.79,1.07,0.36,0.09,1.44,0.65
196504,3.11,1.19,0.7,0.31,2.54,0.45,0.19
196505,-0.77,0.03,-1.61,0.31,0.53,0.18,0.03
196506,-5.51,-4.35,0.58,0.35,-3.13,0.4,-1.88
196507,1.43,0.85,2.22,0.31,4.09,2.55,1.55
196508,2.73,2.84,-1.07,0.33,2.58,-1.36,1.69
196509,2.86,0.62,-0.11,0.31,3.32,-1.38,2.1
196510,2.6,2.43,1.6,0.31,3.44,-1.22,0.91
196511,-0.03,4.68,0.23,0.35,4.41,-2.27,1.02
196512,1.01,2.07,2.08,0.33,0.15,2.84,-0.14
196601,0.72,3.86,3.57,0.38,5.43,0.54,1.49
196602,-1.21,4.45,0.36,0.35,4.54,-2.67,1.35
196603,-2.51,0.95,-2.05,0.38,1.35,-0.25,0.73
196604,2.14,3.43,-0.45,0.34,6.21,-0.96,1.58
196605,-5.66,-4.65,-1.65,0.41,-4.73,3.4,-0.93
196606,-1.44,1.06,0.49,0.38,3.31,2.49,1.47
196607,-1.63,-0.32,0.82,0.35,-1.41,1.29,-0.39
196608,-7.91,-3.32,0.56,0.41,-2.08,0.25,2.2
196609,-1.06,-1.1,0.5,0.4,-1.77,1.03,-1.21
196610,3.86,-6.59,2.81,0.45,-5.13,-1.47,0.07
196611,1.4,4.33,-4.6,0.4,5.73,9.07,-0.09
196612,0.13,1.85,-1.29,0.4,1.07,0.28,0.33
196701,8.15,8.43,2.03,0.43,-6.75,3.55,0.54
196702,0.78,3.37,-2.26,0.36,3.56,1.23,2.21
196703,3.99,1.74,0.19,0.39,1.43,1.84,-0.86
196704,3.89,0.57,-2.54,0.32,0.62,0.48,-3.58
196705,-4.33,2,0.89,0.33,0.59,1.8,-0.3
196706,2.41,6,0.95,0.27,6.04,-1.08,-0.4
196707,4.58,3.09,2.65,0.31,-1.09,0.1,-1.61
196708,-0.89,0.48,1.46,0.31,-1.41,0.66,0.29
196709,3.11,3.09,-2.46,0.32,2.55,-0.62,-0.82
196710,-3.09,1.42,-3.38,0.39,3.66,-2.39,0.37
196711,0.37,0.2,-1.71,0.36,1.29,0.25,-2.06
196712,3.05,5.73,-0.39,0.33,3.23,-0.14,1.86
196801,-4.06,3.9,4.77,0.4,-4.64,3.96,5.99
196802,-3.75,-2.96,1.17,0.39,-3.4,-0.82,2.64
196803,0.2,-1.28,-0.59,0.38,3.18,1.51,-2.42
196804,9.05,5.73,-1.02,0.43,5.15,-0.66,-4.95
196805,2.28,6.42,0.85,0.45,3.73,-1.98,-1.87
196806,0.69,-0.17,0.68,0.43,-1.92,3.75,2.69
196807,-2.72,-1.31,5.48,0.48,-0.85,-1.2,6.26
196808,1.34,2.34,1.01,0.42,1.88,0.75,0.73
196809,4.03,2.8,0.26,0.43,-0.66,-0.1,0.08
196810,0.42,-0.47,2.91,0.44,-1.52,1.33,2.69
196811,5.43,2.37,-0.9,0.42,1.73,3.34,-2.15
196812,-3.94,3.44,0.02,0.43,0.11,2.35,-1
196901,-1.25,-0.79,1.69,0.53,-0.15,2.4,2.32
196902,-5.84,-3.88,0.92,0.46,-2.45,2.41,2.3
196903,2.64,-0.26,-0.45,0.46,3.95,0.34,-0.02
196904,1.46,-0.86,0.05,0.53,1.17,-1.01,0.06
196905,-0.1,-0.27,0.74,0.48,1.68,1.45,1.32
196906,-7.18,-5.39,-1.1,0.51,-2.23,-0.13,1.5
196907,-7,-3.21,1.42,0.53,1.64,-1.85,2.99
196908,4.68,0.94,-3.85,0.5,2.13,3.3,-4.65
196909,-2.98,1.22,-3.22,0.62,2.53,0.6,-1.12
196910,5.06,3.8,-3.22,0.6,-4.33,-0.55,-1.79
196911,-3.79,-2.53,-1.11,0.52,3.6,1.15,-0.5
196912,-2.63,-3.67,-3.08,0.64,5.04,-3.05,0.11
197001,-8.1,2.91,3.07,0.6,0.63,-0.17,4.09
197002,5.13,-2.39,4.02,0.62,0.12,2.66,1.66
197003,-1.06,-2.32,4.25,0.57,-0.29,0.64,5.17
197004,-11,-6.11,6.4,0.5,-0.73,-4.48,6.8
197005,-6.92,-4.51,3.63,0.53,-2.69,-3.24,3.91
197006,-5.79,-2.13,0.79,0.58,5.78,-0.16,3.22
197007,6.93,-0.55,1.05,0.52,-2.94,4.32,1.64
197008,4.49,1.53,1.08,0.53,-6.5,1.46,-0.85
197009,4.18,8.62,-5.5,0.54,-8.92,0.55,-7.75
197010,-2.28,-4.22,0.21,0.46,9.61,6.89,0.64
197011,4.59,-4.07,1.69,0.46,2.88,-0.52,1.9
197012,5.72,2.93,0.98,0.42,-2.21,2.5,1.18
197101,4.84,7.44,1.35,0.38,-6.59,2,0.72
197102,1.41,1.89,-1.34,0.33,0.81,1.77,-0.25
197103,4.13,2.57,-3.99,0.3,-1.22,0.2,-2.12
197104,3.15,-0.48,0.74,0.28,1.31,0.91,1.96
197105,-3.98,-1.11,-1.37,0.29,0.88,0.56,-0.67
197106,-0.1,-1.43,-2,0.37,2.7,-0.89,-0.97
197107,-4.5,-1.5,0.17,0.4,-2.37,1.46,-2.84
197108,3.79,-0.18,2.71,0.47,3.51,5.46,1.95
197109,-0.85,0.41,-2.94,0.37,2.09,0.32,-1.81
197110,-4.42,-1.78,-0.47,0.37,0.46,-1.23,-0.04
197111,-0.46,-2.83,-1.74,0.37,1.47,-0.82,-0.87
197112,8.71,3.29,-0.3,0.37,-0.68,3.72,0.75
197201,2.49,6.11,2.03,0.29,0.24,-0.29,3
197202,2.87,1.38,-2.76,0.25,2.7,-0.03,-1.38
197203,0.63,-0.27,-1.69,0.27,2.91,1.45,-1.64
197204,0.29,0,0.22,0.29,2.9,0.18,-0.21
197205,1.25,-2.79,-2.69,0.3,3.18,-1.05,-1.63
197206,-2.43,0.33,-2.48,0.29,1.93,-1.7,-1.08
197207,-0.8,-2.88,0.77,0.31,2.75,-2.25,-0.24
197208,3.26,-4.07,4.68,0.29,-5.34,0.64,2.95
197209,-1.14,-2.68,0.49,0.34,1.75,1.45,-1.34
197210,0.52,-2.71,1.32,0.4,0.75,-0.71,0.28
197211,4.6,-1.12,4.78,0.37,-5.14,3.34,1.43
197212,0.62,-1.86,-2.29,0.37,4.98,3.87,-2.29
197301,-3.29,-3.5,2.68,0.44,3.72,-1.4,0.01
197302,-4.85,-3.99,1.68,0.41,2.12,-2.2,-0.2
197303,-1.29,-2.87,2.84,0.46,3.62,0.45,0.99
197304,-5.68,-3.98,5.66,0.52,6.4,-0.7,2.51
197305,-2.94,-6.11,0.19,0.51,7.08,-1.01,-2.43
197306,-1.56,-2.94,1.43,0.51,4.31,0.18,-0.47
197307,5.04,7.86,-5.18,0.64,-11.67,9.49,0.45
197308,-3.84,-2.05,1.19,0.7,3.42,1.76,0.3
197309,4.75,2.92,2.11,0.68,-7.02,1.62,5.77
197310,-0.86,-0.17,1.74,0.65,6.74,1.75,2.5
197311,-12.74,-7.71,4.01,0.56,8.63,-4.71,-2.32
197312,0.58,-5.33,4.24,0.64,10.38,0.35,2.62
197401,-0.17,9.87,5.86,0.63,-8.81,9.17,7.64
197402,-0.48,0.01,2.55,0.58,0.13,0.76,4.56
197403,-2.81,2.49,-0.09,0.56,-0.98,4.02,-0.18
197404,-5.29,-0.72,1.01,0.75,2,-1.34,1.25
197405,-4.67,-3.04,-2.07,0.75,-0.25,-2.91,-3.07
197406,-2.83,-0.18,0.77,0.6,2.38,-0.97,-1.77
197407,-8.05,0.89,5.22,0.7,3.02,0.92,3.26
197408,-9.35,-0.7,2.57,0.6,3,2.07,1.97
197409,-11.77,0.26,5.52,0.81,4.32,3.32,0.79
197410,16.1,-3.5,-9.72,0.51,-0.49,8.81,-4.98
197411,-4.51,-1.19,-0.08,0.54,2.17,-0.31,-0.07
197412,-3.44,-4.84,0.06,0.7,2.94,-0.36,-3.93
197501,13.66,11.02,8.22,0.58,-13.86,14.76,14.49
197502,5.56,0.17,-4.53,0.43,-0.58,4.66,0.13
197503,2.66,3.77,2.43,0.41,-1.99,3.57,4.72
197504,4.23,-0.5,-1.16,0.44,1.33,-0.46,-2
197505,5.19,3.83,-4.07,0.44,-0.47,3.95,2.13
197506,4.82,0.76,1.3,0.41,0.05,3.24,2.41
197507,-6.59,2.71,1.65,0.48,0.43,1.21,0.76
197508,-2.85,-3.2,-0.89,0.48,-0.13,0.67,-2.35
197509,-4.26,-0.11,0.33,0.53,0.32,-0.42,-1.45
197510,5.31,-3.99,0.29,0.56,-0.14,1.58,0.7
197511,2.65,-1.2,2,0.41,-0.45,-2.52,2.17
197512,-1.6,-0.77,1.77,0.48,-0.12,3.25,-0.32
197601,12.16,4.79,8.6,0.47,4.46,2.82,9.27
197602,0.32,7,5.83,0.34,0.36,-2.46,4.87
197603,2.33,-1.16,-0.03,0.4,0.19,4.31,0.39
197604,-1.49,-0.07,-0.02,0.42,0.5,2.09,-1.83
197605,-1.35,-1.25,-1.31,0.37,-1.11,-0.82,-3.42
197606,4.05,-1.38,0.72,0.43,-0.43,0.66,1.67
197607,-1.07,0.3,1.73,0.47,-0.11,1.65,0.49
197608,-0.56,-2.01,0.77,0.42,-0.85,-1.97,0.22
197609,2.06,0,-0.28,0.44,0.24,-0.56,-0.54
197610,-2.42,0.25,-0.13,0.41,-0.48,1.18,-1.51
197611,0.36,2.35,1.52,0.4,2.88,0.57,1.22
197612,5.65,3,2.23,0.4,0.78,3.94,2.74
197701,-4.05,4.78,4.27,0.36,3.97,0.57,0.87
197702,-1.95,1.1,0.49,0.35,0.38,1.34,-1.49
197703,-1.37,1,1.04,0.38,0.48,0.95,-0.91
197704,0.15,-0.1,3.45,0.38,4.24,-1.21,0.23
197705,-1.46,1.2,0.83,0.37,2.03,-0.3,0.19
197706,4.71,2.13,-0.65,0.4,1.78,0.08,3.3
197707,-1.69,2.13,-0.61,0.42,0.31,1.05,1.47
197708,-1.75,1.51,-2.79,0.44,-1.78,-0.66,3.42
197709,-0.27,1.44,-0.51,0.43,2.05,0.86,0.64
197710,-4.38,1.26,1.7,0.49,-0.12,1.75,-1.15
197711,4,3.69,0.35,0.5,2.21,2.13,3.26
197712,0.27,1.34,-0.34,0.49,1.56,-0.16,-1.77
197801,-6.01,2.22,3.29,0.49,-0.72,1.13,1.43
197802,-1.38,3.57,0.8,0.46,1.91,1.25,-0.81
197803,2.85,3.44,1.25,0.53,1.37,-0.32,0.75
197804,7.88,0.38,-3.49,0.54,0.84,0.19,2
197805,1.76,4.59,-0.6,0.51,2.85,0.01,-0.15
197806,-1.69,1.69,0.58,0.54,2.78,1.38,0.12
197807,5.11,0.28,-1.1,0.56,4.23,0.9,0.57
197808,3.75,5.09,-0.47,0.56,2.85,0.89,-0.46
197809,-1.43,-0.42,1.87,0.62,-3.13,3.7,-0.71
197810,-11.91,-9.9,1.36,0.68,-8.38,-1.79,-0.06
197811,2.71,3.03,-2.21,0.7,5.52,9.15,-0.79
197812,0.88,1.25,-2.18,0.78,3.05,-0.33,0.26
197901,4.23,3.69,2.26,0.77,-1.27,5.49,-0.77
197902,-3.56,0.46,1.18,0.73,-1.05,1.28,0.94
197903,5.68,3.2,-0.65,0.81,2.88,1.41,-0.33
197904,-0.06,2.16,1.08,0.8,0.79,-0.35,-0.4
197905,-2.21,0.52,1.87,0.82,-0.24,0.85,0.75
197906,3.85,1.16,1.45,0.81,0.84,1.21,-2.68
197907,0.82,1.26,1.71,0.77,-1.09,0.61,-2.03
197908,5.53,2.08,-1.52,0.77,-0.25,0.8,-1.73
197909,-0.82,-0.26,-0.9,0.83,5.32,-1.56,0.06
197910,-8.1,-3.33,-1.85,0.87,2.15,-1.95,1.54
197911,5.21,2.75,-3.27,0.99,7.95,1.37,-2.26
197912,1.79,4.17,-1.99,0.95,4.77,-1.92,-0.29
198001,5.51,1.65,1.83,0.8,7.5,-3.39,-0.91
198002,-1.22,-1.82,0.61,0.89,7.86,-4.97,-0.08
198003,-12.9,-6.64,-1.06,1.21,-9.58,8.38,2.62
198004,3.97,0.97,1.05,1.26,-0.42,1.37,-0.13
198005,5.26,2.16,0.39,0.81,-1.12,2.88,0.75
198006,3.06,1.68,-0.89,0.61,1.59,2.18,-2.9
198007,6.49,4.25,-6.34,0.53,0.37,2.91,-1.67
198008,1.8,3.91,-2.64,0.64,3.2,-0.99,-1.55
198009,2.19,0.87,-4.75,0.75,5.43,-1.44,-1.76
198010,1.06,2.49,-2.77,0.95,7.33,-1.99,-2.84
198011,9.59,-3.49,-8.44,0.96,15.24,-9.84,-7.79
198012,-4.52,-0.28,2.71,1.31,-6.65,6.39,3.46
198101,-5.04,3,6.82,1.04,-7.94,-2.26,7.6
198102,0.56,-0.3,1.03,1.07,-1.39,-2.22,2.58
198103,3.56,3.58,0.7,1.21,0.74,1.62,1.57
198104,-2.1,4.43,2.31,1.08,-0.96,-1.53,2.83
198105,0.11,2.01,-0.41,1.15,3.75,-3.71,1.61
198106,-2.36,-0.85,5.09,1.35,-5.91,4.75,0.95
198107,-1.54,-2.17,-0.6,1.24,-2.52,-0.59,-3.53
198108,-7.03,-1.96,4.83,1.28,-1.12,-0.66,1.27
198109,-7.17,-2.66,5.18,1.24,1.98,-1.15,5.24
198110,4.92,2.15,-4.2,1.21,4.08,4.66,-4.9
198111,3.36,-0.96,1.91,1.07,-0.26,2.59,0.6
198112,-3.65,1.18,0.75,0.87,1.31,1.62,1.38
198201,-3.24,-1.29,3.13,0.8,1.73,-1.22,6.42
198202,-5.86,0.46,6.04,0.92,5,-4.32,5.95
198203,-1.87,-0.18,3.81,0.98,2.93,-1.86,3.98
198204,3.27,1.52,-2.79,1.13,-0.41,1.66,-1.72
198205,-3.99,0.47,1.82,1.06,2.55,1.93,1.58
198206,-3.09,-0.39,1.55,0.96,4.99,0.16,1.93
198207,-3.19,0.85,0.18,1.05,4.47,-2.91,2.36
198208,11.14,-4.11,1.16,0.76,-3.52,1.12,-0.98
198209,1.29,2.88,0.33,0.51,4.17,4.29,-0.45
198210,11.3,2.36,-3.69,0.59,0.03,2.88,-0.95
198211,4.67,4.79,-1.93,0.63,5.89,-4.47,1.03
198212,0.55,-0.17,0.02,0.67,0.02,3.78,1.05
198301,3.6,2.69,-0.87,0.69,-1.7,3.14,0.06
198302,2.59,3.24,0.68,0.62,3.83,2.69,-0.46
198303,2.82,1.77,2.05,0.63,0.93,0.36,0.94
198304,6.67,0.52,0.57,0.71,1.81,-0.51,3.21
198305,0.52,6.16,-1.37,0.69,-1.59,2.74,-2.09
198306,3.07,0.9,-3.87,0.67,1.78,0.2,-0.9
198307,-4.07,1.47,5.59,0.74,-3.13,2,1.04
198308,-0.5,-4.29,5.51,0.76,-5.63,-0.73,-0.06
198309,0.92,0.55,1.07,0.76,-0.11,2.33,0.82
198310,-3.44,-3.6,5.02,0.76,-4.56,-1.68,1.12
198311,2.16,2.04,-0.64,0.7,-0.08,4.88,-1.34
198312,-1.78,-0.28,1.7,0.73,0.77,1.9,1.36
198401,-1.92,-0.42,7.61,0.76,-2.49,0.66,4.25
198402,-4.82,-1.69,3.31,0.71,0.19,-2.01,0.23
198403,0.63,0.07,0.49,0.73,1.1,2.42,0.74
198404,-0.52,-1.2,1.24,0.81,2.05,1.51,-1.58
198405,-5.97,0.04,0.23,0.78,1.53,0.86,-0.23
198406,1.82,-0.31,-2.59,0.75,-0.7,0.94,-3.63
198407,-2.74,-2.22,0.4,0.82,2.93,-1.49,-1.63
198408,10.28,-0.24,-1.79,0.83,-5.68,7.29,-1.69
198409,-0.8,0.22,5.29,0.86,3.69,4.35,1.77
198410,-0.84,-1.21,0.48,1,3.22,-1.26,-1.77
198411,-1.76,-0.62,4.04,0.73,1.7,-0.67,1.05
198412,1.84,-0.58,-0.14,0.64,1.53,0.75,-3.08
198501,7.99,3.27,-5.38,0.65,-6.91,2.33,-1.88
198502,1.22,0.76,-0.15,0.58,1.82,2.43,-0.13
198503,-0.84,-1.14,4.07,0.62,1.68,-1.29,-0.72
198504,-0.96,0.16,3.72,0.72,3.06,-2.47,0.15
198505,5.09,-2.27,-0.87,0.66,4,-0.49,-3.98
198506,1.27,0.5,0.46,0.55,3.63,-0.63,-2.38
198507,-0.74,2.85,-1.65,0.62,-3.94,3.62,1.67
198508,-1.02,-0.32,2.32,0.55,1.82,1.82,0.11
198509,-4.54,-1.6,1.28,0.6,1.48,-1.83,-0.81
198510,4.02,-1.57,0.79,0.65,4.87,0.72,-2.44
198511,6.48,0.23,-2.88,0.61,-0.41,2.35,-2.39
198512,3.88,-0.49,-1.51,0.65,-0.13,-0.63,-3.13
198601,0.65,1.2,0.51,0.56,2.96,0.73,-2.83
198602,7.13,-0.63,-0.89,0.53,2.77,-1.64,-3.67
198603,4.88,-0.52,-0.47,0.6,2.46,-0.23,-2.21
198604,-1.31,2.85,-2.84,0.52,-0.5,2.84,-1.17
198605,4.62,-1.32,-0.12,0.49,2.02,0.98,-1.37
198606,1.03,-0.92,1.37,0.52,5.15,-2.36,-6.44
198607,-6.45,-3.37,4.78,0.52,1.8,-3.05,-4.02
198608,6.07,-4.17,3.51,0.46,-5.01,1.16,4.77
198609,-8.6,2.28,3.18,0.45,-5.86,-0.33,3.82
198610,4.66,-2.56,-1.44,0.46,2.69,3.55,0.64
198611,1.17,-1.97,-0.13,0.39,-0.32,0.69,0.13
198612,-3.27,0.06,0.3,0.49,0.4,0.56,0.54
198701,12.47,-1.8,-3.17,0.42,2.09,0.42,3.13
198702,4.39,3.49,-5.98,0.43,-2.17,-1.09,-0.13
198703,1.64,0.37,1.64,0.47,1.59,1.83,4.24
198704,-2.11,-1.69,-0.32,0.44,0.25,-1.88,3.93
198705,0.11,-0.52,0.12,0.38,-0.69,-0.26,2.22
198706,3.94,-2.19,1.06,0.48,-0.2,0.11,-1.44
198707,3.85,-0.63,0.71,0.46,2.67,-0.16,2.35
198708,3.52,-0.74,-0.93,0.47,-0.87,2.53,-3.06
198709,-2.59,0.54,0.28,0.45,0.71,-0.4,3.07
198710,-23.24,-8.42,4.23,0.6,-7.86,0.09,-6.31
198711,-7.77,2.76,3.08,0.35,-1.15,-0.81,-0.42
198712,6.81,0.14,-4.45,0.39,5.84,5.9,2.85
198801,4.21,-0.71,5.17,0.29,-7.58,7.91,-1.59
198802,4.75,3.35,-1.65,0.46,-1.54,4.36,1.52
198803,-2.27,6.14,0.75,0.44,0.63,-0.9,1.21
198804,0.56,0.96,1.68,0.46,2.25,0.33,0.47
198805,-0.29,-2.65,2.28,0.51,0.64,0.57,-0.17
198806,4.79,2.1,-1.11,0.49,-2.91,1.83,1.74
198807,-1.25,-0.2,2.27,0.51,0.63,3.39,-1.34
198808,-3.31,0.08,2.08,0.59,0.33,-1.95,-2.02
198809,3.3,-1.27,-0.69,0.62,0.24,-0.14,-1.91
198810,1.15,-2.9,1.68,0.61,1.31,-0.91,-0.11
198811,-2.29,-1.73,1.27,0.57,0.42,-0.67,-0.83
198812,1.49,1.94,-1.55,0.63,0.42,2.25,0.79
198901,6.1,-2.13,0.53,0.55,-0.14,1.05,2.89
198902,-2.25,2.76,0.88,0.61,0.93,1.08,0.9
198903,1.57,0.73,0.48,0.67,3.54,-0.88,0.14
198904,4.33,-0.59,-1.47,0.67,1.7,-0.71,-1.11
198905,3.35,-0.04,-0.83,0.79,1.57,-2.74,-1.72
198906,-1.35,-1,2.16,0.71,0.66,2.26,-0.73
198907,7.2,-4,-2.85,0.7,5.44,1.3,-1.83
198908,1.44,0.5,0.75,0.74,-0.14,1.84,0.16
198909,-0.76,0.27,-1.31,0.65,3.41,1.18,-2.81
198910,-3.67,-3.28,-1.07,0.68,1.37,-4.27,-3.56
198911,1.03,-1.25,-1.06,0.69,2.58,-1.75,-1.24
198912,1.16,-2.4,0.24,0.61,2.81,-2.54,-0.85
199001,-7.85,-1.28,0.83,0.57,-3.28,1.08,3.26
199002,1.11,1.02,0.65,0.57,-0.52,0.44,1.9
199003,1.83,1.52,-2.9,0.64,1.65,0.23,-0.07
199004,-3.36,-0.51,-2.53,0.69,2.4,-2.02,-1.12
199005,8.42,-2.55,-3.77,0.68,3.05,-0.46,0.95
199006,-1.09,1.45,-1.98,0.63,2.42,-0.2,-1.47
199007,-1.9,-3.2,-0.01,0.68,5.93,-0.55,-1.81
199008,-10.14,-3.58,1.63,0.66,1.79,-3.51,1.59
199009,-6.12,-3.67,0.74,0.6,5.53,-6,0.69
199010,-1.92,-5.53,0.29,0.68,6.74,-2.64,-3.5
199011,6.35,0.32,-3.11,0.57,-5.6,5.89,-0.63
199012,2.46,0.81,-1.56,0.6,0.16,-3.1,-2.26
199101,4.69,3.8,-1.84,0.52,-6.51,-2.03,6.14
199102,7.19,3.94,-0.54,0.48,-4.72,1.98,1.13
199103,2.65,3.89,-1.24,0.44,2.81,0.47,-0.36
199104,-0.28,0.51,1.4,0.53,-2.4,1.6,-1.19
199105,3.64,-0.34,-0.56,0.47,-0.1,0.34,1.35
199106,-4.94,0.07,1.21,0.42,0.46,2.1,-1.69
199107,4.24,-0.93,-1.27,0.49,4.32,2.06,0.8
199108,2.32,1.6,-0.8,0.46,1.62,-2.92,-0.44
199109,-1.59,1.64,-0.98,0.46,1.73,-0.85,-0.79
199110,1.28,0.9,-0.44,0.42,3.21,-1.27,2.26
199111,-4.19,-0.48,-1.91,0.39,1.27,-0.4,-2.67
199112,10.83,-2.24,-4.04,0.38,8.28,1.01,-0.93
199201,-0.59,8.45,4.5,0.34,-2.46,5.29,9.49
199202,1.09,0.88,6.36,0.28,-0.59,-2.69,5.43
199203,-2.65,-1.03,3.66,0.34,-0.36,-1.09,1.39
199204,1.08,-6.12,4.28,0.32,-2.6,-3.37,0.75
199205,0.3,0.4,1.27,0.28,0.1,-0.17,-0.48
199206,-2.34,-3.09,3.41,0.32,-0.6,0.87,1.3
199207,3.77,-0.44,-0.53,0.31,1.43,2.05,-1.3
199208,-2.38,-0.11,-1.04,0.26,-0.52,-1.56,-4.08
199209,1.19,0.56,-0.21,0.26,1.43,-1.15,0.08
199210,1.02,2.04,-2.1,0.23,2.71,-0.16,-1.1
199211,4.13,3.69,-1.48,0.23,-0.33,-1.06,0.31
199212,1.53,1.65,2.51,0.28,4.47,1.22,0.78
199301,0.93,2.05,5.89,0.23,4.83,-0.52,5.55
199302,0.13,-3.44,6.42,0.22,3.1,-1.41,4.28
199303,2.3,0.24,1.24,0.25,3.74,-0.94,1.77
199304,-3.05,-0.69,2.61,0.24,0.33,-1.71,2.42
199305,2.88,1.96,-3.42,0.22,0.29,1.45,1.22
199306,0.31,-0.3,2.61,0.25,4.58,2.24,1.69
199307,-0.34,0.94,3.24,0.24,3.24,-2.68,0.97
199308,3.72,0.31,-0.44,0.25,2.58,1.23,1.15
199309,-0.12,3.13,-0.45,0.26,3.41,0.66,0.41
199310,1.41,1.45,-1.55,0.22,-2.67,1.93,1.61
199311,-1.89,-1.43,-0.26,0.25,-4.71,-1.37,1.48
199312,1.65,1.22,0.57,0.23,2.29,1.13,0.49
199401,2.87,0.13,2.09,0.25,0.01,1.73,3.73
199402,-2.56,2.72,-1.43,0.21,-0.29,0.42,-0.16
199403,-4.78,-0.97,1.31,0.27,-1.32,0.1,0.58
199404,0.68,-0.92,1.66,0.27,0.41,-0.34,0.18
199405,0.58,-2.01,0.18,0.31,-2.15,0.07,1.63
199406,-3.03,-0.47,1.68,0.31,-0.83,0.18,0.45
199407,2.82,-1.77,0.99,0.28,0.19,1.41,0.47
199408,4.01,1.44,-3.45,0.37,1.54,1.46,2.32
199409,-2.31,2.68,-1.78,0.37,1.32,-0.73,1.71
199410,1.34,-2.2,-2.36,0.38,1.42,-0.25,0.54
199411,-4.04,-0.16,-0.04,0.37,-0.2,-2.09,-1.63
199412,0.86,0.05,0.28,0.44,3.5,0.83,0.1
199501,1.8,-2.95,1.66,0.42,-1.82,4.06,-0.56
199502,3.63,-0.33,0.39,0.4,-0.35,2.41,-0.99
199503,2.18,-0.37,-2.04,0.46,0.36,-0.12,1.12
199504,2.11,-0.41,1.73,0.44,1.83,-0.55,0.42
199505,2.9,-2.25,1.91,0.54,-0.44,-0.42,-1.08
199506,2.72,3.06,-2.97,0.47,2.89,1.24,-1.82
199507,3.72,2.23,-2.24,0.45,2.54,-2.23,-0.91
199508,0.55,1.86,1.96,0.47,0.09,1.31,-1.16
199509,3.35,-2.06,-0.93,0.43,2.71,-0.84,-0.96
199510,-1.52,-3.94,-0.06,0.47,4.12,-1.05,0.51
199511,3.95,-0.84,0.32,0.42,-0.64,0.58,0.62
199512,1.03,0.37,1.4,0.49,2.53,-0.91,3.92
199601,2.26,-2.49,0.39,0.43,0.57,1.06,1.29
199602,1.33,2.05,-2.32,0.39,0.58,2.15,-1.33
199603,0.73,1.31,1.27,0.39,-1.88,-0.06,-0.23
199604,2.06,4.84,-4.06,0.46,-0.91,0.72,-0.78
199605,2.36,3.16,-1.39,0.42,1.57,-1.05,1.17
199606,-1.14,-3.64,1.92,0.4,1,-0.23,-0.13
199607,-5.97,-3.59,4.36,0.45,-0.11,-2.5,0.02
199608,2.76,2.31,-0.58,0.41,-0.01,2.65,-1.54
199609,5.02,-0.79,-3.75,0.44,2.69,0.55,-2.13
199610,0.86,-4.11,4.79,0.42,3.92,-1.09,0.07
199611,6.25,-3.6,0.15,0.41,-2.22,0.14,-2.44
199612,-1.7,3.08,1.01,0.46,0.61,0.56,-0.58
199701,4.99,-1.53,-2.36,0.45,1.95,2.68,-1.59
199702,-0.49,-2.61,4.67,0.39,-2.04,1.26,0.88
199703,-5.03,-0.33,3.85,0.43,0.96,0.92,2.07
199704,4.04,-5.2,-1.03,0.43,4.92,2.38,-4.08
199705,6.74,4.83,-4.37,0.49,-5.16,2.86,-2.19
199706,4.1,1.5,0.76,0.37,2.62,0.82,0.17
199707,7.33,-2.52,-0.13,0.43,3.81,3.82,-1.18
199708,-4.15,7.35,1.36,0.41,-2.55,-0.07,3.17
199709,5.35,2.68,-0.22,0.44,1.44,1.67,-0.38
199710,-3.8,-0.79,2.2,0.42,-0.39,-0.97,0.39
199711,2.98,-5.06,0.98,0.39,0.3,-2.02,1.02
199712,1.32,-2.39,3.82,0.48,3.97,-3.02,0.12
199801,0.15,-0.93,-2.05,0.43,0.1,4.99,-1.16
199802,7.03,0.32,-0.91,0.39,-1.13,1.85,-1.21
199803,4.76,-1.01,1.25,0.39,2.15,1.83,2.3
199804,0.73,0.48,0.34,0.43,0.77,1.72,-0.96
199805,-3.07,-3.54,4.13,0.4,1.87,0.71,1.5
199806,3.18,-3.13,-2.17,0.41,7.28,-1.44,-0.71
199807,-2.46,-4.92,-1.17,0.4,3.68,-2,0.43
199808,-16.08,-5.74,5.17,0.43,1.9,-2.66,4.47
199809,6.15,-0.2,-3.8,0.46,-0.71,2.81,0.22
199810,7.13,-3.2,-2.67,0.32,-5.36,9.83,-4.2
199811,6.1,1.16,-3.52,0.31,1.16,1.24,-0.38
199812,6.16,-0.31,-4.68,0.38,9.06,-1.67,-1
199901,3.5,0.87,-5.6,0.35,3.05,-2.29,1.08
199902,-4.08,-5.58,1.62,0.35,-0.13,2.34,0.33
199903,3.45,-3.84,-2.89,0.43,-1.29,0.25,-0.84
199904,4.33,3.2,2.37,0.37,-9.08,2.37,5.04
199905,-2.46,3.63,2.67,0.34,-5.28,1.12,3.44
199906,4.77,3.48,-4.19,0.4,4.88,1.54,0.47
199907,-3.47,2.22,0.5,0.38,1.58,1.43,1.87
199908,-1.38,-1.3,-0.88,0.39,3,-3.5,-1.58
199909,-2.81,3.15,-2.99,0.39,6.45,-0.81,0.15
199910,6.13,-6.86,-3.13,0.39,5.49,-1.02,-2.69
199911,3.37,7.96,-8.01,0.36,5.68,0.15,5.22
199912,7.72,7.24,-9.4,0.44,13.21,-14,5.58
200001,-4.74,4.35,0.06,0.41,1.88,2.68,1.79
200002,2.45,22.32,-13.11,0.43,18.38,-13.42,7.61
200003,5.2,-16.7,7.97,0.47,-6.8,10,-5.22
200004,-6.4,-7.87,9.29,0.46,-8.52,-1.97,0.43
200005,-4.42,-5.05,3.87,0.5,-9.06,-8.7,-1.77
200006,4.64,13.72,-10.18,0.4,16.5,12.29,2.36
200007,-2.51,-2.76,8.55,0.48,-0.12,6.5,-3.29
200008,7.03,-0.94,-1.29,0.5,5.7,0.46,1
200009,-5.45,-1.94,6.82,0.51,2.15,2.5,-2.61
200010,-2.76,-3.67,4.7,0.56,-4.63,-4.7,-1.04
200011,-10.72,-3.12,12.29,0.51,-2.44,-14.58,0.33
200012,1.19,1.5,6.11,0.5,6.73,-6.58,2.81
200101,3.13,7.08,-5.66,0.54,-25.01,16.2,-2.69
200102,-10.05,-1.17,13.91,0.38,12.48,12.18,11.02
200103,-7.26,0.54,6.22,0.42,8.38,-7.73,3.85
200104,7.94,0.24,-4.38,0.39,-8.12,10.01,-3.87
200105,0.72,3.05,2.83,0.32,2.17,3.66,3.86
200106,-1.94,6.4,-2.28,0.28,0.34,0.5,1.94
200107,-2.13,-4.15,5.56,0.3,5.5,1.34,2.76
200108,-6.46,2.16,3.28,0.31,5.54,-3.97,5.94
200109,-9.25,-6.54,1.82,0.28,11.55,-4.92,-0.09
200110,2.46,6.86,-7.15,0.22,-8.38,14.86,-1.59
200111,7.54,0.41,0.69,0.17,-8.57,-3.1,0.3
200112,1.61,5.13,0.47,0.15,-0.03,1.67,1.22
200201,-1.44,1.15,3.39,0.14,3.76,1.58,3.54
200202,-2.29,-1.62,3.89,0.13,6.79,-0.1,4.08
200203,4.24,4.31,1.12,0.13,-1.65,2.85,2.11
200204,-5.2,5.9,4.21,0.15,7.98,2.09,6.13
200205,-1.38,-3.7,2.55,0.14,3.04,-2.68,2.33
200206,-7.21,3.55,1.5,0.13,6.14,-3.36,2.23
200207,-8.18,-5.22,-3.62,0.15,3.38,1.47,-3.07
200208,0.5,-2.26,2.29,0.14,1.75,1.38,-0.62
200209,-10.35,2.75,1.31,0.14,9.15,-1.8,-0.56
200210,7.84,-2.98,-6.45,0.14,-5.46,7.5,-0.38
200211,5.96,3.2,-1.59,0.12,-16.28,0.34,4.01
200212,-5.76,-0.45,3.88,0.11,9.62,10.56,2.24
200301,-2.57,1.39,-0.82,0.1,1.58,0.25,0.42
200302,-1.88,-0.27,-1.45,0.09,1.25,-0.76,-1.9
200303,1.09,0.73,-1.58,0.1,1.52,-0.2,-2.64
200304,8.22,1.11,-0.09,0.1,-9.42,3.11,-0.94
200305,6.05,4.8,0.09,0.09,-10.76,-1.43,3.45
200306,1.42,1.5,0.71,0.1,-1.02,-0.17,1.36
200307,2.35,5.58,-2.04,0.07,-0.29,2.59,0.3
200308,2.34,2.65,1.76,0.07,-0.54,-1.46,-0.31
200309,-1.24,0.6,0.93,0.08,-0.19,4.56,1.11
200310,6.08,2.89,1.69,0.07,3.75,2.1,1.97
200311,1.35,2.25,1.39,0.07,1.63,-1.44,1.92
200312,4.29,-2.8,2.78,0.08,-5.69,1.71,2.11
200401,2.15,2.63,1.66,0.07,2.59,2.25,1.97
200402,1.4,-1.19,0.44,0.06,-1.1,1.48,-2.95
200403,-1.32,1.9,-0.05,0.09,0.2,-2.14,-1.69
200404,-1.83,-2.57,-1.67,0.08,-5.36,-0.2,-2.28
200405,1.17,-0.19,-0.26,0.06,1.65,2.27,0.93
200406,1.86,2.34,1.63,0.08,2.07,0.3,1.75
200407,-4.06,-3.77,4.56,0.1,-2.3,-1.36,-2.48
200408,0.08,-1.57,1.24,0.11,-1.5,-2.4,-2.73
200409,1.6,2.93,0.47,0.11,5.26,3.07,-1.24
200410,1.43,0.39,-0.82,0.11,-1.49,0.19,1.01
200411,4.54,4.13,1.94,0.15,3.22,1.47,-1.14
200412,3.43,0.19,-0.37,0.16,-2.83,0.92,0.86
200501,-2.76,-1.55,2.73,0.16,3.12,1.54,-2.9
200502,1.89,-0.68,2.84,0.16,3.21,-2.34,-1.49
200503,-1.97,-1.36,1.7,0.21,0.54,0.15,-0.71
200504,-2.61,-3.97,-0.45,0.21,-0.81,-1.81,-1.48
200505,3.65,2.97,-1.21,0.24,0.39,3.19,0.49
200506,0.57,2.59,2.79,0.23,2.06,0.04,-1.5
200507,3.92,2.77,-0.47,0.24,0.04,-0.16,0.96
200508,-1.22,-0.85,1.47,0.3,2.24,-1.43,0.34
200509,0.49,-0.68,1.11,0.29,3.5,-3.7,-0.05
200510,-2.02,-1,-0.67,0.27,-1.31,1.59,-1
200511,3.61,0.96,-1.85,0.31,0.35,0.13,0.27
200512,-0.25,-0.5,0.5,0.32,0.74,1.93,-0.86
200601,3.04,5.31,1.17,0.35,2.76,-1.08,1.16
200602,-0.3,-0.32,-0.85,0.34,-1.82,3.28,1.26
200603,1.46,3.54,-0.14,0.37,1.24,0.08,0.44
200604,0.73,-1.25,3.06,0.36,0.66,-0.35,-0.4
200605,-3.57,-3.03,2.79,0.43,-3.7,0,-0.15
200606,-0.35,-0.55,1.49,0.4,1.49,-0.55,-1.08
200607,-0.78,-4,3.42,0.4,-2.19,0.23,1.39
200608,2.03,0.81,-1.78,0.42,-3.47,1.77,2.94
200609,1.84,-1.23,-0.5,0.41,-0.93,0.73,1.64
200610,3.23,1.64,0.52,0.41,-0.26,-0.22,-0.45
200611,1.71,0.78,0.53,0.42,-1.03,-0.97,-1.94
200612,0.87,-0.9,2.55,0.4,0.84,2.39,1.91
200701,1.4,0.1,-0.05,0.44,0.24,1.06,-0.66
200702,-1.96,1.35,0.23,0.38,-1.33,0.31,-0.64
200703,0.68,-0.27,0.37,0.43,2.47,-2.02,-1.21
200704,3.49,-2.07,-0.99,0.44,-0.16,-0.29,0.3
200705,3.24,-0.03,-0.17,0.41,-0.27,-1.11,-2.5
200706,-1.96,0.75,-1.03,0.4,0.3,-0.84,-0.27
200707,-3.73,-2.67,-2.99,0.4,2.79,-3.37,-2.05
200708,0.92,-0.16,-2.32,0.42,0.09,-2.58,-0.25
200709,3.22,-2.45,-2.11,0.32,4.64,0.31,-2.8
200710,1.8,0.11,-2.11,0.32,4.87,-3.9,-1.58
200711,-4.83,-2.78,-1.02,0.34,0.9,-1.73,0.47
200712,-0.87,0.02,-0.01,0.27,6.54,-2.07,-2.3
200801,-6.36,-0.74,3.05,0.21,-7.81,6.89,1.78
200802,-3.09,-0.55,0.01,0.13,6.11,5,-2.14
200803,-0.93,0.8,0.24,0.17,4.08,-0.31,2.75
200804,4.6,-1.52,-0.03,0.18,-0.2,3.1,-4.56
200805,1.86,3.03,-0.41,0.18,3.22,-2.34,-4.42
200806,-8.44,1.12,-1.02,0.17,12.45,-7.15,-3.11
200807,-0.77,3.56,3.64,0.15,-5.2,8.19,7.5
200808,1.53,3.67,1.61,0.13,-4.05,-0.63,1.13
200809,-9.24,-0.32,4.36,0.15,0.33,-3.73,5.86
200810,-17.23,-2.3,-2.96,0.08,7.78,-9.59,2.62
200811,-7.86,-3.68,-5.02,0.03,7.22,-10.16,-2.39
200812,1.74,4,-1.19,0,-5.05,5.34,0.28
200901,-8.12,-0.99,-9.67,0,-1.92,0.45,-6.95
200902,-10.1,-0.38,-6.9,0.01,4.17,-6.73,1.02
200903,8.95,0.7,2.54,0.02,-11.53,3.54,3.98
200904,10.19,5.35,5.22,0.01,-34.58,-6.87,-0.28
200905,5.21,-2.63,0.58,0,-12.33,-2.83,-1.77
200906,0.43,2.67,-2.39,0.01,5.31,4.9,1.34
200907,7.72,2.51,4.73,0.01,-5.41,4.45,4.97
200908,3.33,-0.5,7.65,0.01,-8.9,-2.08,5.54
200909,4.08,2.43,1.35,0.01,-5,1.2,-1.76
200910,-2.59,-4.23,-4.35,0,2.64,2.19,-4.69
200911,5.56,-2.61,0.23,0,0.32,0.3,1.52
200912,2.75,5.79,0.72,0.01,2.94,1.58,0.72
201001,-3.36,0.2,0.61,0,-5.36,3.63,1.32
201002,3.4,1.44,2.74,0,3.61,1.8,2.6
201003,6.31,1.57,2.01,0.01,3.68,0.75,4.28
201004,2,4.92,3.12,0.01,3.21,-1.8,4.81
201005,-7.89,-0.09,-2.32,0.01,-0.19,0.62,-3
201006,-5.56,-2.15,-4.27,0.01,-2.98,-4.89,-5.33
201007,6.93,0.24,0.04,0.01,1.94,4.05,0.64
201008,-4.77,-3.03,-1.51,0.01,-0.15,1.06,-3.85
201009,9.54,3.84,-2.94,0.01,1.36,3.2,1.93
201010,3.88,1.01,-2.23,0.01,1.25,-1.36,-2.18
201011,0.6,3.69,-0.58,0.01,2.51,-0.92,-0.76
201012,6.82,0.85,3.47,0.01,-3.19,2.35,4.8
201101,1.99,-2.4,0.68,0.01,-0.33,0.01,1.03
201102,3.49,1.62,1.73,0.01,2.07,-1.08,1.33
201103,0.45,2.68,-1.16,0.01,3.55,-0.75,-1.86
201104,2.9,-0.34,-2.15,0,0.07,-1.03,-2.14
201105,-1.27,-0.68,-2.12,0,-0.59,-1.23,-2.59
201106,-1.75,-0.14,-0.26,0,1.75,-1.05,-1.98
201107,-2.36,-1.44,-1.18,0,0.03,-1.07,-2.39
201108,-5.99,-3.3,-1.58,0.01,-0.3,-1.39,-6.33
201109,-7.59,-3.72,-0.98,0,-2.58,-9.67,-5.09
201110,11.35,3.58,-0.96,0,-1.45,12.37,3.38
201111,-0.28,-0.24,-0.18,0,3.98,1.21,-3.46
201112,0.74,-0.55,1.57,0,1.87,-1.48,1.84
201201,5.05,2.51,-2.14,0,-7.95,6.59,1.46
201202,4.42,-1.65,0.01,0,-0.28,-0.44,1.66
201203,3.11,-0.27,-0.06,0,1.49,-0.73,2.62
201204,-0.85,-0.63,-0.2,0,3.84,-0.51,-1.8
201205,-6.19,-0.11,0.08,0.01,6.64,-3.57,-1.76
201206,3.89,0.81,0.54,0,-1.13,-0.71,1.69
201207,0.79,-2.6,0.01,0,3.06,1.38,-1.93
201208,2.55,0.69,0.6,0.01,-2.44,3.08,1.91
201209,2.73,0.5,1.56,0.01,-1.03,-0.13,1.73
201210,-1.76,-1.07,4.16,0.01,0.12,0.33,0.93
201211,0.78,0.68,-1.12,0.01,0.35,0.91,-0.73
201212,1.18,1.61,3.26,0.01,-2.92,0.06,3.62
201301,5.57,0.5,1.34,0,-1.91,-1.32,3.47
201302,1.29,-0.4,0.28,0,1.37,-1.11,-0.07
201303,4.03,0.88,-0.07,0,1.95,-1.92,1.37
201304,1.56,-2.4,0.35,0,0.28,-1.15,-0.26
201305,2.8,2,1.33,0,-1.92,1.7,3.28
201306,-1.2,1.18,-0.4,0,0.63,0.51,-0.83
201307,5.65,1.88,0.71,0,1.76,1.9,1.55
201308,-2.71,0.24,-2.48,0,0.05,-0.65,-1.28
201309,3.77,2.86,-1.57,0,2.98,-0.53,0.09
201310,4.18,-1.55,1.36,0,0.14,-0.19,0.24
201311,3.12,1.33,-0.38,0,0.45,0.75,0.35
201312,2.81,-0.43,-0.2,0,0.06,1.19,-0.99
201401,-3.32,0.83,-1.88,0,1.65,0.27,1.01
201402,4.65,0.32,-0.49,0,2.09,-0.28,-1.42
201403,0.43,-1.81,4.6,0,-3.25,2.63,2.94
201404,-0.19,-4.17,1.62,0,-3.9,-2.07,0.13
201405,2.06,-1.84,-0.38,0,1.02,0.52,-0.65
201406,2.61,2.94,-0.6,0,0.7,-0.65,0.4
201407,-2.04,-4.25,0.04,0,-0.26,2.77,0.29
201408,4.23,0.5,-0.76,0,0.77,1.47,-1.31
201409,-1.97,-3.8,-1.68,0,0.49,-0.21,-1.14
201410,2.52,4.28,-1.81,0,0.07,-2.7,-3.44
201411,2.55,-2.08,-3.37,0,1.02,-3.42,-1.78
201412,-0.06,2.6,1.56,0,1.04,-1.02,0.45
201501,-3.11,-0.62,-3.06,0,3.76,-0.47,-3.45
201502,6.13,0.47,-2.16,0,-2.88,3.69,-1.99
201503,-1.12,3.14,-0.73,0,3.02,-0.12,-2.41
201504,0.59,-3.03,2.13,0,-7.41,4.08,1.43
201505,1.36,0.95,-1.9,0,5.92,2.52,-0.81
201506,-1.53,2.84,-1.04,0,3.05,-3.46,-1.04
201507,1.54,-4.17,-4.5,0,10.24,-5.09,-1.61
201508,-6.04,0.43,2.88,0,-2.16,1.42,1.36
201509,-3.08,-2.71,0.73,0,5.26,-3.15,0.08
201510,7.75,-1.86,-0.32,0,-3.92,0.84,-0.89
201511,0.56,3.56,-1.2,0,2.44,-0.23,-0.18
